time,local_table_size
0.05295825004577637,0
0.5616092681884766,68
1.0831000804901123,68
1.5845391750335693,125
2.084573268890381,150
2.5841002464294434,160
3.0872981548309326,160
3.585716962814331,160
4.085606098175049,160
4.5965070724487305,160
5.096334218978882,166
5.611852169036865,167
6.122817039489746,167
6.641370058059692,169
