time,local_table_size
0.06228303909301758,0
0.5701889991760254,70
1.0883171558380127,129
1.5947251319885254,143
2.0949580669403076,158
2.595571279525757,164
3.1151180267333984,170
3.608126163482666,170
4.109682321548462,170
4.620632171630859,170
5.121665000915527,170
5.623005151748657,171
6.123516082763672,171
6.664533376693726,171
6.941260099411011,173
