time,local_table_size
0.0589451789855957,0
0.5525369644165039,473
1.0527429580688477,773
1.553394079208374,994
2.0532970428466797,1208
2.554044008255005,1454
3.0608110427856445,1665
3.5822501182556152,1848
4.069308042526245,2177
4.568279266357422,2486
5.070852041244507,2611
5.571208953857422,2905
6.075148105621338,3176
6.575549125671387,3433
7.076577186584473,3713
7.577550888061523,3989
8.077987909317017,4232
8.578058004379272,4429
8.71739912033081,4474
