time,local_table_size
0.05504202842712402,0
0.5621781349182129,114
1.0677711963653564,133
1.5673673152923584,155
2.067324161529541,155
2.5673930644989014,155
3.076399087905884,155
3.573618173599243,155
4.0759782791137695,155
4.573787212371826,155
5.074265003204346,167
5.616419076919556,168
6.121382236480713,168
6.632968187332153,169
