time,local_table_size
0.05113697052001953,0
0.5584702491760254,126
1.0668511390686035,146
1.561589002609253,154
2.061594247817993,164
2.577785015106201,170
3.0857720375061035,170
3.584273099899292,170
4.084550142288208,170
4.60044002532959,170
5.100830316543579,171
5.619167327880859,171
6.172561168670654,171
6.681324005126953,171
