time,local_table_size
0.04621577262878418,0
0.5440828800201416,1058
1.044292688369751,1791
1.5443367958068848,2412
2.045379638671875,3067
2.5456337928771973,3895
3.0458319187164307,4531
3.1012978553771973,4581
