samples,features,runtime
1,1,0.14774298667907715
1,2,0.13121294975280762
1,3,0.12543582916259766
1,4,0.13771986961364746
1,5,0.12944984436035156
1,6,0.1272718906402588
