time,lowerbound,upperbound
0.5697042942047119,0.06,0.16
1.0878362655639648,0.06,0.16
1.5936853885650635,0.06,0.16
2.094362258911133,0.06,0.16
2.5950751304626465,0.06,0.16
3.106818199157715,0.06,0.16
3.607377290725708,0.06,0.16
4.108577013015747,0.06,0.16
4.620136260986328,0.06,0.16
5.120771169662476,0.06,0.16
5.621363162994385,0.06,0.07
6.123056173324585,0.06,0.07
6.663990020751953,0.06,0.07
6.9405670166015625,0.06999999999999999,0.06999999999999999
