time,lowerbound,upperbound
0.555901288986206,0.06,0.16
1.061047077178955,0.06,0.16
1.5610580444335938,0.06,0.16
2.0610601902008057,0.06,0.16
2.5764169692993164,0.06,0.16
3.083768129348755,0.06,0.16
3.583775281906128,0.06,0.16
4.084043025970459,0.06,0.16
4.5999462604522705,0.06,0.16
5.100060224533081,0.06,0.16
5.618571996688843,0.06,0.16
6.171720266342163,0.06,0.16
6.679739236831665,0.06,0.16
