time,lowerbound,upperbound
0.5616559982299805,0.06,0.16
1.0672590732574463,0.06,0.16
1.566819190979004,0.06,0.16
2.0668342113494873,0.06,0.16
2.566845178604126,0.06,0.16
3.0730931758880615,0.06,0.16
3.5731019973754883,0.06,0.16
4.073184967041016,0.06,0.16
4.5732481479644775,0.06,0.16
5.073742151260376,0.06,0.16
5.615863084793091,0.06,0.16
6.120793104171753,0.06,0.16
6.6294801235198975,0.06,0.16
