time,lowerbound,upperbound
0.5435757637023926,0.3325713044737223,0.37108295931663526
1.0438106060028076,0.3325713044737223,0.37108295931663526
1.5438346862792969,0.3325713044737223,0.37108295931663526
2.044982671737671,0.3325713044737223,0.37108295931663526
2.5451226234436035,0.3325713044737223,0.37108295931663526
3.0453319549560547,0.3325713044737223,0.37108295931663526
3.100775718688965,0.35596858259736497,0.35596858259736497
