time,lowerbound,upperbound
0.561089038848877,0.06,0.16
1.082538366317749,0.06,0.16
1.5835790634155273,0.06,0.16
2.08359432220459,0.06,0.16
2.583606004714966,0.06,0.16
3.085151195526123,0.06,0.16
3.5851593017578125,0.06,0.16
4.085177183151245,0.06,0.16
4.595888137817383,0.06,0.16
5.095804214477539,0.06,0.16
5.611201047897339,0.06,0.16
6.120453119277954,0.06,0.16
6.6362481117248535,0.06,0.16
