nrule,ndata,totaltime,time_c,COUNT,C_c,accu
12.0,6907.0,55.156533002853394,14.485960006713867,201981.0,6474.0,0.669031417402635
12.0,13814.0,106.37548613548279,30.189109086990356,201981.0,6474.0,0.669031417402635
12.0,27628.0,197.38093900680542,57.28513312339783,201981.0,6474.0,0.669031417402635
12.0,55256.0,387.2416820526123,114.2036280632019,201981.0,6474.0,0.669031417402635
12.0,110512.0,776.5909447669983,230.61074209213257,201981.0,6474.0,0.669031417402635
12.0,221024.0,1567.6734347343445,487.40060687065125,201981.0,6474.0,0.669031417402635
12.0,442048.0,3138.4510509967804,924.6797549724579,201981.0,6474.0,0.669031417402635
12.0,884096.0,6217.427605867386,1891.8631830215454,201981.0,6474.0,0.669031417402635
12.0,1768192.0,12493.639464855194,3754.7467408180237,201981.0,6474.0,0.669031417402635
