time,local_queue_length,global_queue_length
0.054357290267944336,0,1
0.5619492530822754,21,72
1.06752610206604,0,86
1.5671381950378418,0,47
2.0671181678771973,0,35
2.567167282104492,0,34
3.074425220489502,0,40
3.573416233062744,0,40
4.073718070983887,0,40
4.573569059371948,0,40
5.074061155319214,1,13
5.616182088851929,0,12
6.121122121810913,0,12
6.630778074264526,0,3
