time,local_queue_length,global_queue_length
0.06297183036804199,0,1
0.5661666393280029,0,264
1.069511890411377,0,201
1.5883636474609375,44,247
2.0976510047912598,40,279
2.5999979972839355,30,291
3.130286931991577,30,312
3.630464792251587,31,309
4.150091648101807,31,279
4.665295839309692,27,309
5.187144994735718,26,271
5.689817905426025,25,243
6.192767858505249,0,226
6.693876028060913,0,240
7.195412874221802,0,196
7.719062805175781,0,203
8.21902084350586,0,180
