time,local_queue_length,global_queue_length
0.05835103988647461,1,1
0.5523660182952881,96,1
1.0525410175323486,89,1
1.5531139373779297,70,1
2.053122043609619,80,1
2.553891897201538,85,1
3.060595989227295,81,1
3.5819950103759766,62,1
4.069138050079346,101,1
4.568058967590332,81,1
5.07061505317688,71,1
5.570979833602905,45,1
6.074956893920898,55,1
6.5753490924835205,60,1
7.076373100280762,42,1
7.5773210525512695,47,1
8.07774019241333,28,1
8.577862024307251,39,1
8.717235088348389,0,1
