time,local_queue_length,global_queue_length
0.05655097961425781,0,1
0.5637698173522949,42,264
1.0672998428344727,40,201
1.5811939239501953,46,251
2.0930328369140625,53,253
2.593498945236206,44,300
3.098193883895874,58,301
3.6021430492401123,48,303
4.104057788848877,46,300
4.662271022796631,55,312
5.171648025512695,40,275
5.690388917922974,36,243
6.202897787094116,46,226
6.711228847503662,26,237
7.211512804031372,33,204
7.719306945800781,39,203
8.225988864898682,32,184
