time,local_queue_length,global_queue_length
0.05048704147338867,0,1
0.5569872856140137,17,67
1.0614840984344482,1,86
1.561371088027954,0,47
2.0613741874694824,0,35
2.5772500038146973,0,34
3.0841212272644043,0,40
3.584059238433838,0,40
4.084333181381226,0,40
4.600237131118774,0,40
5.100409030914307,0,13
5.618890285491943,0,12
6.172053337097168,0,12
6.681040048599243,0,3
