time,local_queue_length,global_queue_length
0.0640418529510498,0,1
0.5701220035552979,0,264
1.0788118839263916,0,191
1.6239259243011475,29,264
2.1128220558166504,0,280
2.61310076713562,0,294
3.1128158569335938,0,313
3.6138787269592285,0,300
4.139685869216919,0,277
4.634021759033203,0,299
5.133997917175293,0,301
5.651401042938232,0,246
6.144313812255859,0,219
6.647680759429932,0,227
7.155210018157959,0,219
7.657531976699829,32,210
8.157894849777222,18,190
