time,local_queue_length,global_queue_length
0.06617188453674316,0,1
0.5830957889556885,43,278
1.0908308029174805,25,218
1.596611738204956,29,263
2.0967817306518555,52,279
2.599346876144409,53,292
3.1306309700012207,37,312
3.6337809562683105,49,317
4.146749973297119,35,277
4.695898771286011,42,292
5.207818031311035,57,285
5.710893869400024,22,270
6.21140193939209,26,228
6.724908828735352,46,238
7.226323843002319,30,214
7.738741874694824,25,165
