time,local_queue_length,global_queue_length
0.06163191795349121,0,1
0.5699832439422607,9,79
1.0881142616271973,24,83
1.5944111347198486,11,48
2.094693183898926,8,34
2.5953609943389893,8,34
3.1071481704711914,8,40
3.6076862812042236,8,40
4.109252214431763,8,40
4.6204352378845215,8,40
5.121185064315796,4,14
5.6225011348724365,3,12
6.123295307159424,3,12
6.664293050765991,2,3
6.940859079360962,0,4
