time,local_queue_length,global_queue_length
0.05115532875061035,0,1
0.5613863468170166,0,72
1.082880973815918,0,86
1.5842533111572266,11,47
2.0842480659484863,0,34
2.583892345428467,0,34
3.085482358932495,0,40
3.5854570865631104,0,40
4.085407972335815,0,40
4.59623122215271,0,40
5.0961220264434814,0,14
5.611576080322266,0,12
6.122300148010254,0,12
6.637129306793213,0,3
