time,local_queue_length,global_queue_length
0.04545879364013672,0,1
0.5438778400421143,138,136
1.0440528392791748,95,120
1.544111728668213,117,117
2.0452208518981934,89,55
2.545428991317749,85,86
3.0456409454345703,52,70
3.10107684135437,35,45
